{
  "version": 1,
  "author": "Grupo 5",
  "editor": "wokwi",
  "parts": [
    { "type": "wokwi-esp32-devkit-v1", "id": "esp", "top": 0, "left": 0, "attrs": {} },
    { "type": "wokwi-potentiometer", "id": "pot1", "top": -116.5, "left": -134.6, "attrs": {} }
  ],
  "connections": [
    [ "esp:TX0", "$serialMonitor:RX", "", [] ],
    [ "esp:RX0", "$serialMonitor:TX", "", [] ],
    [ "esp:GND.1", "pot1:GND", "black", [ "h0" ] ],
    [ "esp:3V3", "pot1:VCC", "red", [ "v0" ] ],
    [ "esp:VP", "pot1:SIG", "yellow", [ "h0" ] ]
  ],
  "dependencies": {}
}